id;titre;ancien_topic;categorie;grades;source;type_source;tags;noeuds_proposes;confiance;raison
7c974266-05b6-4b95-b03b-0dca9c74ceb4;Droite numérique;Algèbre;automatisme;2;;;droite numérique;Ensembles > Ensembles de nombres > ℕ, ℤ, 𝔻, ℚ, ℝ;haute;relance 2026-10-07 : cohérent doc 2de : droite numérique = point sous les ensembles de nombres
ddd94712-02ed-4a0b-b4eb-51fc0d5a4be5;;Algèbre;automatisme;2;;;factorisation;Algèbre > Calcul littéral > factoriser | Algèbre > Calcul littéral > identités remarquables;haute;factoriser des différences de carrés
f5df524b-b2c9-4f3e-ad08-35581f61c35d;;Algèbre;recherche;2;;;ensembles, nombres;Ensembles > Ensembles de nombres > ℕ, ℤ, 𝔻, ℚ, ℝ | Logique > Connecteurs et contre-exemples > contre-exemple;haute;relance 2026-10-07 : cible confirmée sur l'arbre 2026-10-07.12
e286f938-fae3-456e-9a33-78f52416c10b;;Algèbre;automatisme;2;;;polynômes du second degré;Algèbre > Calcul littéral > substitution | Algèbre > Équations : produit et quotient;basse;relance 2026-10-07 : À TRANCHER — vrai/faux : vérifier une solution, égalités pour tout x
0de9d117-3510-49a9-a543-2711a5221cdf;;Algèbre;automatisme;2;;;ensembles, nombres;Ensembles > Ensembles de nombres > ℕ, ℤ, 𝔻, ℚ, ℝ;haute;plus petit ensemble de nombres
47c20db4-0c53-463a-a88c-d8beee8a7905;;Algèbre;automatisme;2;;;intervalle;Ensembles > Ensembles de nombres > intervalles | Géométrie > Géométrie repérée;haute;relance 2026-10-07 : cible confirmée sur l'arbre 2026-10-07.12
e220a478-d33c-47bb-b3d0-ae98536e845b;;Algèbre;automatisme;2;;;intervalle;Ensembles > Ensembles de nombres > intervalles;haute;appartenance à un intervalle
a1dc3e21-daba-4e71-b264-8842b193fe5b;;Algèbre;automatisme;2;;;racines carrées;Nombres et calculs > Racines carrées : sens et écritures > réduire;haute;simplifier sqrt(8), sqrt(48)
d483e500-2d7f-4990-9f17-32248cedf30d;;Algèbre;automatisme;2;;;signe;Algèbre > Inéquations : produit et quotient > tableau de signes | Fonctions > Fonctions affines > variations et signe;haute;relance 2026-10-07 : cible confirmée sur l'arbre 2026-10-07.12
78452f65-f4b6-4eae-ba25-b8a73e7b0559;;Algèbre;automatisme;2;;;contre-exemple, ensembles, nombres;Ensembles > Ensembles de nombres > ℕ, ℤ, 𝔻, ℚ, ℝ | Logique > Connecteurs et contre-exemples > contre-exemple;haute;relance 2026-10-07 : cible confirmée sur l'arbre 2026-10-07.12
b90a0da1-91a4-4b92-98ce-a58430495991;;Algèbre;automatisme;2;;;ensembles, nombres;Ensembles > Ensembles de nombres > ℕ, ℤ, 𝔻, ℚ, ℝ | Logique > Raisonnements > par l'absurde;haute;relance 2026-10-07 : cible confirmée sur l'arbre 2026-10-07.12
250f7564-5a66-4a01-9e1a-d8f479ce2bda;;Algèbre;recherche;2;;;algorithme;Algorithmique > Boucles | Nombres et calculs > Racines carrées : sens et écritures;basse;relance 2026-10-07 : À TRANCHER — recherche : triangles presque isocèles avec algorithme, aucune notion évidente
18000cfb-a5d2-4d94-98f3-04dcc24f2fd1;;Algèbre;automatisme;2;;;équations, polynômes du second degré;Algèbre > Équations : produit et quotient > x² = a | Algèbre > Équations : produit et quotient > produit nul;haute;x²=8, produit nul
9a140578-3bec-41fc-8f72-fb607dd431b0;;Algèbre;automatisme;2;;;contre-exemple, ensembles, nombres;Ensembles > Ensembles de nombres > ℕ, ℤ, 𝔻, ℚ, ℝ | Logique > Connecteurs et contre-exemples > contre-exemple;haute;relance 2026-10-07 : cible confirmée sur l'arbre 2026-10-07.12
404a165e-a08f-4ed9-ae4d-a208dcdcbaed;;Algèbre;automatisme;2;;;ensembles, nombres;Ensembles > Ensembles de nombres > ℕ, ℤ, 𝔻, ℚ, ℝ;haute;reconnaître des décimaux
62c800f1-c1f1-4dd8-ab38-f625146a0a09;;Algèbre;recherche;2;;;ensembles, nombres;Ensembles > Ensembles de nombres > ℕ, ℤ, 𝔻, ℚ, ℝ;haute;relance 2026-10-07 : cible confirmée sur l'arbre 2026-10-07.12
2500c746-b39d-4b38-9618-fd8839257ff1;;Algèbre;automatisme;2;;;ensembles, nombres;Ensembles > Ensembles de nombres > ℕ, ℤ, 𝔻, ℚ, ℝ;haute;plus petit ensemble de nombres
c0f51946-d4bf-4ddd-b61c-8a13f75623f0;;Algèbre;recherche;2;;;ensembles, nombres;Ensembles > Ensembles de nombres > ℕ, ℤ, 𝔻, ℚ, ℝ;haute;relance 2026-10-07 : cible confirmée sur l'arbre 2026-10-07.12
d148cf3b-5885-4075-8da8-6c1abf16ee95;;Algèbre;automatisme;2;;;développement;Algèbre > Calcul littéral > développer | Algèbre > Calcul littéral > identités remarquables;haute;développer et réduire
31aa21df-4bc9-4d6a-a09e-8afe44262e78;;Algèbre;automatisme;2;;;encadrement;Fonctions > Fonction carré > comparer des images;haute;relance 2026-10-07 : cible confirmée sur l'arbre 2026-10-07.12
591d7925-b3da-4927-9be0-936e76049cee;;Algèbre;automatisme;2;;;ensembles, nombres;Ensembles > Ensembles de nombres > appartenance et inclusion;haute;relance 2026-10-07 : cible confirmée sur l'arbre 2026-10-07.12
e4e6e667-8026-4e53-868b-8358f3fe59c0;;Algèbre;automatisme;2;;;équations;Fonctions > Fonction carré > x² = k, x² < k | Algèbre > Équations : produit et quotient > x² = a;haute;relance 2026-10-07 : cible confirmée sur l'arbre 2026-10-07.12
fe606ef5-0249-413b-a556-2ab006420ed1;;Algèbre;automatisme;2;;;ensembles, nombres;Ensembles > Ensembles de nombres > ℕ, ℤ, 𝔻, ℚ, ℝ | Logique > Connecteurs et contre-exemples > contre-exemple;haute;relance 2026-10-07 : cible confirmée sur l'arbre 2026-10-07.12
8c602d2f-a909-471d-96a8-36505aec790b;;Algèbre;automatisme;2;;;intervalle;Ensembles > Ensembles de nombres > intervalles;haute;notations d'intervalles
43687716-a5b5-47f7-9c52-2acd682596c9;;Algèbre;automatisme;2;;;intervalle;Ensembles > Ensembles de nombres > intervalles;haute;intervalles et inégalités
c9266ff6-71c0-44fe-a405-3da642845638;Évolutions — série 1;Automatismes;automatisme;1_SPE;;;;Proportionnalité > Évolutions > variations en pourcentage;haute;coefficients multiplicateurs
fc1b2aaa-11ff-4706-ac31-66217a3adfaa;Évolutions — série 2;Automatismes;automatisme;1_SPE;;;;Proportionnalité > Évolutions > variations en pourcentage;haute;coefficients multiplicateurs
d9ffd97c-c45a-41b1-9c77-e1ec1d669e30;BAC Juin 2024 Centres étrangers J2 Ex 2;BAC;application;T_SPE;BAC Juin 2024 Centres étrangers J2;Bac;convexité, exponentielle, tangente, TVI;Fonctions > Dérivation > étude de fonction | Fonctions > Convexité | Fonctions > Continuité > valeurs intermédiaires | Fonctions > Dérivation > tangente;haute;relance 2026-10-07 : cible confirmée sur l'arbre 2026-10-07.12
5b1d190a-2158-48fd-819e-0cb647dfbc80;BAC Juin 2024 suede J1 Ex 2 (modifié);BAC;application;T_SPE;BAC Juin 2024 suede J1;Bac;probabilité conditionnelle, suite arithméticogéométrique, suites;Suites > Suites arithmético-géométriques | Probabilités > Probabilités conditionnelles > arbres pondérés;haute;relance 2026-10-07 : cible confirmée sur l'arbre 2026-10-07.12
f10fb8e8-9a5a-41cf-a329-04667d060676;BAC Juin 2025 Asie J1 Ex 3;BAC;application;T_SPE;BAC Juin 2025 Asie J1;Bac;python, suite arithméticogéométrique, suites;Suites > Suites arithmético-géométriques | Suites > Suites et modélisation > algorithmes;haute;relance 2026-10-07 : cible confirmée sur l'arbre 2026-10-07.12
f2dbdd65-67fb-46f3-8c8c-fc24271a4b59;BAC Juin 2025 Asie J1 Ex 4;BAC;synthese;T_SPE;BAC Juin 2025 Asie J1;Bac;aire, convexité, croissance comparée, dérivée, exponentielle, intégration, limite, TVI, valeur approchée, variations;Fonctions > Dérivation > étude de fonction | Fonctions > Convexité | Intégration > Intégrale et aire | Fonctions > Limites de fonctions > croissances comparées | Fonctions > Continuité > valeurs intermédiaires;haute;relance 2026-10-07 : cible confirmée sur l'arbre 2026-10-07.12
8617ef91-5afe-4e6a-9667-d6a367952dca;BAC Juin 2025 Métropole J1 Ex 2;BAC;synthese;T_SPE;BAC Juin 2025 Métropole J1;Bac;aire, convexité, dérivée, intégration, limite, logarithme, position relative;Fonctions > Logarithmes | Fonctions > Convexité | Intégration > Intégrale et aire > aire entre deux courbes;haute;relance 2026-10-07 : cible confirmée sur l'arbre 2026-10-07.12
0dbc7705-d47d-4708-9ff0-a1ce06940b63;BAC Mai 2021 Amérique du Nord Ex 2;BAC;synthese;T_SPE;BAC Mai 2021 Amérique du Nord;Bac;python, récurrence, suites;Suites > Suites et modélisation | Suites > Raisonnement par récurrence;haute;relance 2026-10-07 : cible confirmée sur l'arbre 2026-10-07.12
e845fcfc-dafa-4985-a0f2-eee25857ff3b;BAC Mars 2021 sujet2 Ex 2;BAC;application;T_SPE;BAC Mars 2021 sujet2;Bac;python, récurrence, suites, suites couplées;Suites > Raisonnement par récurrence > structure d'une récurrence | Suites > Limites de suites;moyenne;relance 2026-10-07 : suites couplées hors Expertes : récurrence + limites en Tle spé
60b0648f-1d34-449b-941f-caf152a6a2a1;Avec des racines carrées;Calcul;automatisme;1_SPE;;;dérivée, racines carrées;Fonctions > Dérivation > fonctions dérivées;haute;dériver avec des racines
fd4633d9-27b8-40d4-82d5-4bbad5071703;Avec des sommes;Calcul;automatisme;1_SPE;;;dérivée;Fonctions > Dérivation > fonctions dérivées;haute;dériver des sommes
2aab2af6-67c6-4261-ae96-7b573b980d5a;Calcul de discriminants;Calcul;automatisme;1_SPE;;;discriminant, polynômes du second degré;Algèbre > Équations : second degré > discriminant;haute;relance 2026-10-07 : cible confirmée sur l'arbre 2026-10-07.12
ca850c8e-e56e-4d42-8ae5-d19984066411;Calcul de racines;Calcul;automatisme;1_SPE;;;polynômes du second degré, racine d'un polynôme;Fonctions > Second degré > racines;haute;racines d'un polynôme
1f4a40e9-8c9d-4052-93f5-af2219f37a31;De la forme canonique à la forme développée;Calcul;automatisme;1_SPE;;;forme canonique, polynômes du second degré;Fonctions > Second degré > formes;haute;canonique vers développée
af79e6bf-638d-4693-806a-5f8267d3ccff;Dérivation de polynôme;Calcul;automatisme;1_SPE;;;dérivée, polynôme;Fonctions > Dérivation > fonctions dérivées;haute;dériver un polynôme
a8e02c82-d595-46b7-808d-46d368915c08;Dérivation de polynôme (2);Calcul;automatisme;1_SPE;;;dérivée, polynôme;Fonctions > Dérivation > fonctions dérivées | Fonctions > Dérivation > nombre dérivé;haute;calculer f'(a)
2aa39b93-4d53-4dc1-ab17-56ed9f8850fc;Dérivée d'un quotient;Calcul;automatisme;1_SPE;;;dérivée;Fonctions > Dérivation > fonctions dérivées;haute;dérivée d'un quotient
63f4f12f-bf8e-476d-8718-3fbe50d4691a;Dérivée d'un quotient (2);Calcul;automatisme;1_SPE;;;dérivée;Fonctions > Dérivation > fonctions dérivées;haute;dérivée d'un quotient
a9703028-2db8-498e-a123-8268d4f16774;Dérivée d'un quotient (3);Calcul;automatisme;1_SPE;;;dérivée;Fonctions > Dérivation > opérations sur les dérivées | Algèbre > Calcul littéral > simplifier l'écriture;haute;relance 2026-10-07 : sous-notion créée au lot 1re spé (U3e)
06c55f48-9517-4fde-8748-11f33dae2a6b;Dérivée d'un quotient (4);Calcul;automatisme;;;;dérivée;Fonctions > Dérivation > opérations sur les dérivées | Algèbre > Calcul littéral > simplifier l'écriture;haute;relance 2026-10-07 : sous-notion créée au lot 1re spé (U3e)
4a5ef75a-4a0d-4fc4-9e58-3505b417ab10;Dérivée de l'inverse d'une fonction;Calcul;automatisme;1_SPE;;;dérivée;Fonctions > Dérivation > fonctions dérivées;haute;dérivée de 1/u
88649ddb-5972-4316-b964-340820b31b66;Dérivée de l'inverse d'une fonction (2);Calcul;automatisme;1_SPE;;;dérivée;Fonctions > Dérivation > fonctions dérivées;haute;dérivée de 1/u
05fa7419-dc7f-4978-be38-c35800691918;Dérivée et variations;Calcul;automatisme;1_SPE;;;dérivée, variations;Fonctions > Dérivation > variations;haute;signe de f' et variations (graphique)
e9f2323f-d832-42b1-b4bd-ff6ef0aa5ed6;Dérivée et variations (2);Calcul;automatisme;1_SPE;;;dérivée, variations;Fonctions > Dérivation > variations;haute;tableau de f' et courbes
69d2c764-6fe3-4f8f-8097-88787470eac3;Dérivée et variations (3);Calcul;automatisme;1_SPE;;;dérivée, variations;Fonctions > Dérivation > variations;haute;tableau de f' et courbes
3a6a0c94-29f9-4fd0-8233-425e2d490607;Dériver et factoriser;Calcul;automatisme;1_SPE;;;dérivée, factorisation;Fonctions > Dérivation > fonctions dérivées | Algèbre > Calcul littéral > factoriser;haute;dériver puis factoriser
6ab302da-3d6a-45a9-86b5-b5cf0538e67e;Dériver et factoriser (2);Calcul;automatisme;1_SPE;;;dérivée, factorisation;Fonctions > Dérivation > fonctions dérivées | Algèbre > Calcul littéral > factoriser;haute;dériver puis factoriser
a0f89381-a917-4278-958d-d4e37b8d7786;Développements;Calcul;automatisme;1_SPE;;;développement;Algèbre > Calcul littéral > identités remarquables;haute;relance 2026-10-07 : cible confirmée sur l'arbre 2026-10-07.12
dde5a2ba-39cc-4960-a643-a54f83342222;Equations;Calcul;automatisme;1_SPE;;;équations;Algèbre > Équations : produit et quotient > x² = a;haute;relance 2026-10-07 : cible confirmée sur l'arbre 2026-10-07.12
5f0eb1d7-b142-40af-98a4-41aca81840e8;Expressions formelles;Calcul;automatisme;1_SPE;;;dérivée;Fonctions > Dérivation > fonctions dérivées;haute;dérivées formelles
366aa2e4-bc14-4f22-9510-9384d8379732;Factorisation dans des fractions;Calcul;automatisme;2;;;factorisation, fractions;Algèbre > Calcul littéral > factoriser | Nombres et calculs > Fractions : sens et écritures > simplifier;haute;relance 2026-10-07 : cible confirmée sur l'arbre 2026-10-07.12
b56339cb-929a-4846-9c8c-b2a9e320db26;Factorisations;Calcul;automatisme;1_SPE;;;factorisation;Algèbre > Calcul littéral > factoriser | Algèbre > Calcul littéral > identités remarquables;haute;relance 2026-10-07 : cible confirmée sur l'arbre 2026-10-07.12
f70214d6-7587-4105-aac0-831cd3644670;Forme canonique;Calcul;automatisme;1_SPE;;;forme canonique, polynômes du second degré;Fonctions > Second degré > formes;haute;forme canonique
143a4b98-5718-4ce4-a370-2cad71e456c4;Forme canonique (2);Calcul;automatisme;1_SPE;;;forme canonique, polynômes du second degré;Fonctions > Second degré > formes;haute;forme canonique
8f8f151d-5f7c-4557-b6eb-fc87dd5bb6c6;Forme canonique à paramètre;Calcul;automatisme;1_SPE;;;forme canonique, polynômes du second degré;Fonctions > Second degré > formes;haute;forme canonique à paramètre
f2f808b5-b0ca-4b21-b11c-a05f82a834c6;Forme canonique à paramètre (2);Calcul;automatisme;1_SPE;;;forme canonique, polynômes du second degré;Fonctions > Second degré > formes;haute;forme canonique à paramètre
5b2ac4dd-c499-4655-9ab4-5695261d62b8;Forme canonique et équation de cercle;Calcul;automatisme;1_SPE;;;équation de cercle, forme canonique, polynômes du second degré;Géométrie > Géométrie repérée > équation de cercle | Fonctions > Second degré > formes;haute;centre et rayon par forme canonique
553b1408-ee55-436f-ae6b-ef7d11ce180d;Forme canonique et inégalité;Calcul;automatisme;1_SPE;;;forme canonique, inégalité, polynômes du second degré;Fonctions > Second degré > formes | Fonctions > Second degré > signe;haute;relance 2026-10-07 : cible confirmée sur l'arbre 2026-10-07.12
3471288c-c500-4ea9-9b33-f18e4287298a;Inéquation et expression du second degré;Calcul;automatisme;1_SPE;;;inéquations, polynômes du second degré;Algèbre > Inéquations : second degré > inéquations du second degré;haute;résoudre des inéquations
67eebdee-fdf9-4c12-9b59-c59ce7e1dc25;Inéquation et expression du second degré (2);Calcul;automatisme;1_SPE;;;inéquations, polynômes du second degré;Algèbre > Inéquations : second degré > inéquations du second degré;haute;résoudre des inéquations
f98599fb-23dc-403f-9336-b63778fc35ee;Inéquations;Calcul;automatisme;2;;;inéquations;Algèbre > Inéquations : premier degré;haute;inéquations du premier degré
3fcc5eed-b528-4588-99e8-e8875f17da99;Lecture graphique d'un nombre dérivé;Calcul;automatisme;1_SPE;;;lecture graphique, nombre dérivé;Fonctions > Dérivation > nombre dérivé | Fonctions > Dérivation > tangente;haute;lecture graphique de f'(a)
d8d9ccea-6177-43bb-83a4-5f0fd7de963e;Lecture graphique d'un nombre dérivé (2);Calcul;automatisme;1_SPE;;;lecture graphique, nombre dérivé;Fonctions > Dérivation > nombre dérivé | Fonctions > Dérivation > tangente;haute;lecture graphique de f'(a)
2afe76dc-9f94-4570-ba23-dcf01e669357;Premières racines;Calcul;automatisme;1_SPE;;;polynômes du second degré, racine d'un polynôme;Fonctions > Second degré > racines;haute;racines d'un polynôme
70a3c517-99c8-4bd2-9e74-ccaf918a7d0d;Premiers discriminants;Calcul;automatisme;1_SPE;;;discriminant, polynômes du second degré;Algèbre > Équations : second degré > discriminant;haute;relance 2026-10-07 : cible confirmée sur l'arbre 2026-10-07.12
32284397-38f2-41e3-b5e4-1eda6ca72e48;Propositions paramétrées;Calcul;automatisme;1_SPE;;;inéquations, polynômes du second degré;Fonctions > Second degré > signe;haute;relance 2026-10-07 : cible confirmée sur l'arbre 2026-10-07.12
8c91826a-5fb3-4df3-976e-aaeec63101f3;Propositions paramétrées (2);Calcul;automatisme;1_SPE;;;inéquations, polynômes du second degré;Fonctions > Second degré > signe;haute;relance 2026-10-07 : cible confirmée sur l'arbre 2026-10-07.12
730969d2-a464-4a4a-b7aa-08421934a315;Représentation graphique et forme canonique;Calcul;automatisme;1_SPE;;;polynômes du second degré, représentation graphique;Fonctions > Second degré > parabole | Fonctions > Second degré > formes;haute;associer courbe et forme canonique
dd4f11e8-4884-4bf0-936c-dcbc7f745531;Représentation graphique et forme canonique (2);Calcul;automatisme;1_SPE;;;forme canonique, polynômes du second degré, représentation graphique;Fonctions > Second degré > parabole | Fonctions > Second degré > formes;haute;associer courbe et forme canonique
1f1924bc-5f9a-4636-8d4d-766d767201fa;Représentation graphique et forme canonique (3);Calcul;automatisme;1_SPE;;;forme canonique, polynômes du second degré, représentation graphique;Fonctions > Second degré > parabole | Fonctions > Second degré > formes;haute;associer courbe et forme canonique
8e32a6ba-0a7f-4da8-b69a-0429667d6bd6;Signe de la dérivée;Calcul;automatisme;1_SPE;;;dérivée, signe;Fonctions > Dérivation > variations | Algèbre > Inéquations : second degré > inéquations du second degré;haute;relance 2026-10-07 : cible confirmée sur l'arbre 2026-10-07.12
c0f8e768-452c-4ad3-aea7-3ea82af395f1;Simplification d'une expression avec fractions;Calcul;automatisme;3;;;fractions, simplification;Nombres et calculs > Fractions : calculs | Nombres et calculs > Entiers : priorités opératoires;haute;relance 2026-10-07 : cible confirmée sur l'arbre 2026-10-07.12
08728a1e-6d35-4b0c-a55d-20ca76ac3c98;Simplification d'une expression avec racine carrée;Calcul;automatisme;2;;;racines carrées, simplification;Nombres et calculs > Racines carrées : sens et écritures > réduire;haute;simplifier avec racines
c5e3535c-622d-4d95-aa4a-2bcce0da34c1;Simplification de fractions;Calcul;automatisme;2;;;fractions, simplification;Nombres et calculs > Fractions : sens et écritures > simplifier | Nombres et calculs > Puissances : calculs > mélange;haute;relance 2026-10-07 : cible confirmée sur l'arbre 2026-10-07.12
b01540e3-b4cf-4eb5-becf-ce02f4e66790;Simplification de puissances;Calcul;automatisme;1_SPE;;;puissances, simplification;Nombres et calculs > Puissances : calculs > mélange;haute;relance 2026-10-07 : cible confirmée sur l'arbre 2026-10-07.12
239df764-9783-485c-8e11-6071daf25406;Un deuxième polynôme à paramètre;Calcul;automatisme;1_SPE;;;polynômes du second degré, racine d'un polynôme;Fonctions > Second degré > racines | Algèbre > Équations : second degré > discriminant;haute;relance 2026-10-07 : cible confirmée sur l'arbre 2026-10-07.12
ea25edae-4fda-48d1-a9ac-27edf301a857;Un polynôme à paramètre;Calcul;automatisme;1_SPE;;;polynômes du second degré, racine d'un polynôme;Fonctions > Second degré > racines | Algèbre > Équations : second degré > discriminant;haute;relance 2026-10-07 : cible confirmée sur l'arbre 2026-10-07.12
1161474b-1571-40b0-8fd5-785ea34eef4d;Un système à paramètre;Calcul;automatisme;1_SPE;;;paramètre, système;Géométrie > Géométrie repérée > équation de cercle | Algèbre > Équations : second degré > se ramener au second degré;haute;relance 2026-10-07 : cible confirmée sur l'arbre 2026-10-07.12
bb063fda-bd7a-4273-bc36-f254ddb60b51;Un troisième polynôme à paramètre;Calcul;automatisme;1_SPE;;;polynômes du second degré, racines carrées;Fonctions > Second degré > racines | Algèbre > Équations : second degré > discriminant;haute;relance 2026-10-07 : cible confirmée sur l'arbre 2026-10-07.12
f4bb8e0a-d446-4e99-bd32-8fc87ee7ff5f;Concours général 2024 Problème 1;Concours général;application;T_EXP;Concours général 2024;Concours;suites;Suites > Limites de suites | Suites > Suites récurrentes;basse;relance 2026-10-07 : À TRANCHER — Concours général : suite u(n+1)=1/(n+1)+sqrt(u(n)), sujet ouvert
9e10f92b-d819-493a-8f02-c71c2efd761a;Bilan technique;Dérivation;automatisme;1_SPE;;;;Fonctions > Dérivation > étude de fonction | Fonctions > Dérivation > taux de variation;haute;relance 2026-10-07 : taux de variation créé au lot 1re spé (U3b)
5ab52cba-bfb0-446a-8ced-dd4e881e19c3;Boîte ouverte de volume maximal;Dérivation;application;1_SPE;;;;Fonctions > Dérivation > optimisation;haute;volume maximal
74835b87-78e6-425c-800a-9edc051c2c0d;Concentration d'un médicament;Dérivation;application;1_SPE;;;;Fonctions > Dérivation > optimisation;haute;relance 2026-10-07 : cible confirmée sur l'arbre 2026-10-07.12
02366c9e-6b94-48c3-9f32-edcfb32f17c8;Coût marginal et bénéfice maximal;Dérivation;application;1_SPE;;;;Fonctions > Dérivation > optimisation;haute;bénéfice maximal
869c94d4-1104-40c4-b834-b8f64b1b10a0;Coût moyen minimal;Dérivation;application;1_SPE;;;;Fonctions > Dérivation > optimisation;haute;coût moyen minimal
3ab5bd8f-5a80-4f93-9508-e437309b24dc;Dérivées des fonctions de référence;Dérivation;automatisme;1_SPE;;;;Fonctions > Dérivation > fonctions dérivées;haute;dérivées de référence
1d29f360-fd58-49d0-913f-1f8c482e68f8;Dériver un produit;Dérivation;automatisme;1_SPE;;;;Fonctions > Dérivation > fonctions dérivées;haute;dérivée d'un produit
4c1eea1a-b3e9-4cb7-bc54-242d9605c6f2;Dériver une fonction composée avec une fonction affine;Dérivation;automatisme;1_SPE;;;;Fonctions > Dérivation > fonctions composées;haute;g(ax+b)
cbe7b15f-4b7a-4af2-84ce-b761d0ab4bae;Équation d'une tangente;Dérivation;automatisme;1_SPE;;;;Fonctions > Dérivation > tangente;haute;équation de tangente
e1355141-e017-4cab-99ce-7ff2a8795711;Extremum et inégalité;Dérivation;automatisme;1_SPE;;;;Fonctions > Dérivation > variations;haute;relance 2026-10-07 : cible confirmée sur l'arbre 2026-10-07.12
c21c11dc-3be3-418a-be56-d93b7490c7e7;La canette la plus économique;Dérivation;application;1_SPE;;;;Fonctions > Dérivation > optimisation;haute;canette économique
4886d23c-c5e0-464a-8707-e12f3f435154;Nombre dérivé par le taux d'accroissement;Dérivation;automatisme;1_SPE;;;;Fonctions > Dérivation > nombre dérivé;haute;taux d'accroissement
a805deba-70b5-49a5-a9dd-5ce106984ecf;Position d'une courbe par rapport à une tangente;Dérivation;automatisme;1_SPE;;;;Fonctions > Dérivation > tangente;haute;position courbe/tangente
64a64d8e-9370-4b4e-b790-345362b6e83f;Tangentes issues d'un point;Dérivation;application;1_SPE;;;;Fonctions > Dérivation > tangente;haute;tangentes issues d'un point
54aae8b9-7290-417f-a82e-ea406778e541;Tangentes particulières;Dérivation;automatisme;1_SPE;;;;Fonctions > Dérivation > tangente;haute;tangentes horizontales
44fd8df7-fba4-4f82-bc2d-3088080037db;Un enclos le long d'un mur;Dérivation;application;1_SPE;;;;Fonctions > Dérivation > optimisation;haute;enclos
769b9e61-cb6c-419a-9c7d-d6ab79a046ef;Un métro entre deux stations;Dérivation;application;1_SPE;;;;Fonctions > Dérivation > nombre dérivé | Fonctions > Dérivation > variations;haute;relance 2026-10-07 : cible confirmée sur l'arbre 2026-10-07.12
e3bfc6d7-9e7e-43d5-b236-5f650170a51f;Une porte sous une arche;Dérivation;application;1_SPE;;;;Fonctions > Dérivation > optimisation;haute;relance 2026-10-07 : cible confirmée sur l'arbre 2026-10-07.12
32656095-c0e2-4c10-99bb-bb49eb870b9a;Variations d'un polynôme de degré 3;Dérivation;automatisme;1_SPE;;;;Fonctions > Dérivation > variations;haute;variations d'un polynôme
ee7bb639-9c0c-4cef-99d7-7973b623cfe9;Variations d'une fonction rationnelle;Dérivation;automatisme;1_SPE;;;;Fonctions > Dérivation > variations | Fonctions > Dérivation > étude de fonction;haute;fonction rationnelle
05dab496-a59a-4135-ad60-2d8db11a9846;Vrai ou faux sur la dérivation;Dérivation;automatisme;1_SPE;;;;Fonctions > Dérivation;haute;relance 2026-10-07 : cible confirmée sur l'arbre 2026-10-07.12
36339309-7225-4be7-9be1-d18a6fbab57f;Résolution d'équation avec exponentielle;Equations;application;1_SPE;;;équations, exponentielle;Fonctions > Fonction exponentielle > équations et inéquations;haute;équations avec e^x
09628075-07f3-4622-9676-2d00c04b1d26;Bilan technique;Fonction exponentielle;automatisme;1_SPE;;;;Fonctions > Fonction exponentielle > variations | Fonctions > Fonction exponentielle > dérivée;haute;relance 2026-10-07 : cible confirmée sur l'arbre 2026-10-07.12
02952476-c785-41cb-a4ab-33b6363b2d60;Charge d'un condensateur;Fonction exponentielle;application;1_SPE;;;;Fonctions > Fonction exponentielle > suites et modélisation;haute;relance 2026-10-07 : cible confirmée sur l'arbre 2026-10-07.12
00502bc5-772a-49eb-b4d6-eae95f433d7d;Comparer exp(x) et x;Fonction exponentielle;automatisme;1_SPE;;;;Fonctions > Dérivation > position relative de deux courbes | Fonctions > Fonction exponentielle > variations;haute;relance 2026-10-07 : sous-notion créée au lot 1re spé (U3f)
21852b2d-725d-416e-a99a-4472e3cb6fc9;Début d'une épidémie;Fonction exponentielle;application;1_SPE;;;;Fonctions > Fonction exponentielle > suites et modélisation;haute;relance 2026-10-07 : cible confirmée sur l'arbre 2026-10-07.12
d02ec7c5-5560-41ad-af81-4665a26f4477;Dériver;Fonction exponentielle;automatisme;1_SPE;;;;Fonctions > Fonction exponentielle > dérivée;haute;dériver e^(ax+b)
b34ebc70-3aa5-43c4-985d-da88395a0043;Déterminer une tangente;Fonction exponentielle;automatisme;1_SPE;;;;Fonctions > Fonction exponentielle > dérivée | Fonctions > Dérivation > tangente;haute;tangente à exp
5cc80a88-351a-46d6-906f-a9c1a8cda553;Développer et factoriser;Fonction exponentielle;automatisme;1_SPE;;;;Fonctions > Fonction exponentielle > propriétés algébriques;haute;relance 2026-10-07 : cible confirmée sur l'arbre 2026-10-07.12
52fa13d4-259b-41cd-b84c-1f7d38d6e8e6;Enquête : l'heure du décès;Fonction exponentielle;application;1_SPE;;;;Fonctions > Fonction exponentielle > suites et modélisation;haute;relance 2026-10-07 : cible confirmée sur l'arbre 2026-10-07.12
57a9d280-a880-49cb-a919-69a73f44b7a9;Étudier le signe;Fonction exponentielle;automatisme;1_SPE;;;;Fonctions > Fonction exponentielle | Algèbre > Inéquations : produit et quotient > tableau de signes;haute;relance 2026-10-07 : cible confirmée sur l'arbre 2026-10-07.12
55f95728-e5dd-494b-b34a-31665ef9fff0;Étudier les variations;Fonction exponentielle;automatisme;1_SPE;;;;Fonctions > Fonction exponentielle > variations;haute;tableaux de variations
b921cefc-14d0-4372-8163-27d2cc251900;Exponentielle et suites géométriques;Fonction exponentielle;automatisme;1_SPE;;;;Fonctions > Fonction exponentielle > suites et modélisation | Suites > Suites géométriques;haute;e^(2n) géométrique
3312c091-99e7-42e8-a7c9-3d66637b3569;Intérêts continus;Fonction exponentielle;application;1_SPE;;;;Fonctions > Fonction exponentielle > suites et modélisation;haute;relance 2026-10-07 : cible confirmée sur l'arbre 2026-10-07.12
7d9105e8-be4b-4126-90b2-4c7313320b00;Les fonctions t ↦ exp(kt);Fonction exponentielle;automatisme;1_SPE;;;;Fonctions > Fonction exponentielle > dérivée | Fonctions > Fonction exponentielle > variations;haute;relance 2026-10-07 : cible confirmée sur l'arbre 2026-10-07.12
7831452c-5d92-496e-9e16-c20a0f2077f9;Pression atmosphérique en altitude;Fonction exponentielle;application;1_SPE;;;;Fonctions > Fonction exponentielle > suites et modélisation;haute;relance 2026-10-07 : cible confirmée sur l'arbre 2026-10-07.12
5fa9d234-02fa-45ad-b00a-9e72ef48011c;Propagation d'une rumeur;Fonction exponentielle;application;1_SPE;;;;Fonctions > Fonction exponentielle > suites et modélisation;haute;relance 2026-10-07 : cible confirmée sur l'arbre 2026-10-07.12
9417510f-3b45-4d96-90a5-be27c1edd5ff;Refroidissement d'un café;Fonction exponentielle;application;1_SPE;;;;Fonctions > Fonction exponentielle > suites et modélisation;haute;relance 2026-10-07 : cible confirmée sur l'arbre 2026-10-07.12
312cc787-3654-4374-80dc-44c6fb5bad95;Rentabilité d'un site de vente;Fonction exponentielle;application;1_SPE;;;;Fonctions > Fonction exponentielle > suites et modélisation | Fonctions > Dérivation > optimisation;haute;relance 2026-10-07 : cible confirmée sur l'arbre 2026-10-07.12
de5d01c1-55a0-4089-b07f-8ad0779cb350;Résoudre des équations;Fonction exponentielle;automatisme;1_SPE;;;;Fonctions > Fonction exponentielle > équations et inéquations;haute;équations
d212f289-1a6b-4c77-aea8-27147c074a42;Résoudre des inéquations;Fonction exponentielle;automatisme;1_SPE;;;;Fonctions > Fonction exponentielle > équations et inéquations;haute;inéquations
9823f053-134d-4766-b1cf-4f6ed0d9acee;Taux d'alcool dans le sang;Fonction exponentielle;application;1_SPE;;;;Fonctions > Fonction exponentielle > suites et modélisation;haute;relance 2026-10-07 : cible confirmée sur l'arbre 2026-10-07.12
446705e7-ce1c-46eb-8278-467c800eef42;Utiliser les propriétés algébriques;Fonction exponentielle;automatisme;1_SPE;;;;Fonctions > Fonction exponentielle > propriétés algébriques;haute;une seule exponentielle
82106936-ac16-4799-a52c-3c1f7e5ccf7d;Ventes d'un nouveau produit;Fonction exponentielle;application;1_SPE;;;;Fonctions > Fonction exponentielle > suites et modélisation;haute;relance 2026-10-07 : cible confirmée sur l'arbre 2026-10-07.12
56e3020e-1d6f-4b6b-82d3-e0bb06fedd98;Vitesse d'un parachutiste;Fonction exponentielle;application;1_SPE;;;;Fonctions > Fonction exponentielle > suites et modélisation;haute;relance 2026-10-07 : cible confirmée sur l'arbre 2026-10-07.12
b699c9ca-86bc-4509-ba1a-9b4c936aae7b;Vrai ou faux ?;Fonction exponentielle;automatisme;1_SPE;;;;Fonctions > Fonction exponentielle > propriétés algébriques;haute;relance 2026-10-07 : cible confirmée sur l'arbre 2026-10-07.12
440b4339-50d8-4172-aab3-d218fede4cfa;Aire sous une courbe;Fonctions;application;T_SPE;;;aire, intégration;Intégration > Intégrale et aire > aire algébrique;haute;relance 2026-10-07 : cible confirmée sur l'arbre 2026-10-07.12
6a9ff764-7c85-4de5-97bf-1712cd219655;Antécédents : carré, inverse, produit nul;Fonctions;automatisme;2;;;;Fonctions > Généralités sur les fonctions > images et antécédents | Fonctions > Fonction carré > x² = k, x² < k | Algèbre > Équations : produit et quotient > produit nul;haute;relance 2026-10-07 : cible confirmée sur l'arbre 2026-10-07.12
b5390946-bbd0-447f-b66c-15d0e467f3f8;Antécédents par une fonction affine;Fonctions;automatisme;2;;;;Fonctions > Généralités sur les fonctions > images et antécédents | Fonctions > Fonctions affines > équations;haute;antécédents affine
6d4da8ac-3370-42fc-9be3-30ab4b714c85;Arie d'une figure;Fonctions;application;T_SPE;;;aire, intégration;Intégration > Intégrale et aire > aire entre deux courbes;haute;relance 2026-10-07 : cible confirmée sur l'arbre 2026-10-07.12
22922f4f-db4e-413a-8d7e-e3f51b78ca5b;Bénéfice d'une entreprise;Fonctions;application;1_SPE;;;exponentielle, valeur approchée, variations;Fonctions > Fonction exponentielle > variations | Fonctions > Dérivation > optimisation;haute;relance 2026-10-07 : cible confirmée sur l'arbre 2026-10-07.12
5b233301-0115-45d0-bcc9-a5caf9444e73;Calcul d'images;Fonctions;automatisme;2;;;fonctions, image;Fonctions > Généralités sur les fonctions > images et antécédents;haute;calcul d'images
ce8548da-6c90-4c93-874b-0d4dd06464b6;Calcul d'intégrale;Fonctions;application;T_SPE;;;intégration;Intégration > Calcul d'intégrales > par une primitive;haute;calcul d'intégrales
47730c10-fad8-4b5e-956c-f1ddb54f496e;Convexité de la fonction exponentielle;Fonctions;application;1_SPE;;;convexité, exponentielle, identité remarquable;Fonctions > Fonction exponentielle > propriétés algébriques | Fonctions > Convexité > inégalités de convexité;haute;relance 2026-10-07 : cible confirmée sur l'arbre 2026-10-07.12
5ba72e43-2fd8-4075-b80d-d99325ed86f2;Dérivée avec exponentielle;Fonctions;application;1_SPE;;;dérivée, exponentielle;Fonctions > Fonction exponentielle > dérivée;haute;dérivées avec exp
bfc93002-20f1-4063-bc14-fc5c87bd4b8f;Étude graphique complète;Fonctions;application;2;;;;Fonctions > Généralités sur les fonctions;haute;relance 2026-10-07 : cible confirmée sur l'arbre 2026-10-07.12
366e5ab0-1f82-4e38-951a-1d6134b7ebed;Extremums sur un intervalle;Fonctions;application;2;;;;Fonctions > Généralités sur les fonctions > extremums;haute;extremums sur un intervalle
199a8814-0c76-4f78-9281-4762e8b4f46e;Fonction définie par une intégrale;Fonctions;application;T_SPE;;;intégration;Intégration > Fonction intégrale > dérivée d'une fonction intégrale;haute;F(x)=∫e^(t²)
9d38f891-96ff-4938-b07a-9dbc21bd3125;Fonctions hyperboliques;Fonctions;application;1_SPE;;;exponentielle, position relative;Fonctions > Fonction exponentielle > courbe;haute;relance 2026-10-07 : cible confirmée sur l'arbre 2026-10-07.12
859045d6-e567-4294-94c2-6999ea6bea18;Fonctions hyperboliques;Fonctions;synthese;1_SPE;;;exponentielle, parité, position relative, variations;Fonctions > Fonction exponentielle > variations | Fonctions > Fonction exponentielle > courbe;haute;relance 2026-10-07 : cible confirmée sur l'arbre 2026-10-07.12
7d10658d-300a-4aff-8797-f8ed96be9e2b;Images et calcul littéral;Fonctions;automatisme;2;;;;Fonctions > Généralités sur les fonctions > images et antécédents;haute;images et calcul littéral
ae6783c0-0a22-4006-b177-8c8d10242bb9;Images et valeurs interdites;Fonctions;automatisme;2;;;;Fonctions > Généralités sur les fonctions > images et antécédents | Fonctions > Généralités sur les fonctions > ensemble de définition;haute;valeurs interdites
33e09ae7-84d5-4760-a63e-cd7542a25398;Images par trois fonctions;Fonctions;automatisme;2;;;;Fonctions > Généralités sur les fonctions > images et antécédents;haute;images
33b03bed-0d08-484d-9b61-7ba2707d2d10;Intégrale d'une fraction rationnelle;Fonctions;application;T_SPE;;;intégration;Intégration > Calcul d'intégrales > par une primitive;haute;relance 2026-10-07 : cible confirmée sur l'arbre 2026-10-07.12
10b36598-3058-41f9-9e4b-49b61d165c89;Intégration d'une fraction rationnelle;Fonctions;application;T_SPE;;;intégration;Intégration > Fonction intégrale | Intégration > Calcul d'intégrales;haute;relance 2026-10-07 : cible confirmée sur l'arbre 2026-10-07.12
f30a6669-fffc-4fd6-a8d7-65e5fa6dc825;Intégration d'une fraction rationnelle;Fonctions;application;T_SPE;;;intégration;Intégration > Calcul d'intégrales > par une primitive;haute;relance 2026-10-07 : cible confirmée sur l'arbre 2026-10-07.12
15f36b05-dfd8-42fd-8457-e2e102c46ca1;Intégration par parties;Fonctions;application;T_SPE;;;intégration;Intégration > Calcul d'intégrales > intégration par parties;haute;IPP
38943065-9380-40b5-a925-f009a6909e06;Lire images et antécédents;Fonctions;application;2;;;;Fonctions > Généralités sur les fonctions > images et antécédents;haute;lecture graphique
2b042898-86c3-461d-843f-d11c79240c34;Lire le signe d'une fonction;Fonctions;application;2;;;;Fonctions > Généralités sur les fonctions > signe;haute;lire le signe
d319119e-b4e0-4823-8d66-ebfb98ff0d62;Lire les variations;Fonctions;application;2;;;;Fonctions > Généralités sur les fonctions > variations;haute;lire les variations
bcf2a0e9-157b-4fa8-b5f5-9c6787b26e45;Point sur une courbe;Fonctions;automatisme;2;;;;Fonctions > Généralités sur les fonctions > appartenance à une courbe;haute;point sur une courbe
ead239a5-1f63-460c-bab7-834dab2fbe09;Primitive d'une fonction composé (2);Fonctions;automatisme;T_SPE;;;primitive;Équations différentielles > y′ = f > formes u′eᵘ, 2uu′, u′/u;haute;primitives de formes composées
a5a24a3f-1d2d-4575-8c9b-ee6483fc51c8;Primitive d'une fonction composée;Fonctions;automatisme;T_SPE;;;primitive;Équations différentielles > y′ = f > formes u′eᵘ, 2uu′, u′/u;haute;primitives de formes composées
e24a34b8-abfb-4ee0-9349-73cba0bce23f;Primitive d'une fonction composée par une fonction affine;Fonctions;automatisme;T_SPE;;;primitive;Équations différentielles > y′ = f > forme (v′∘u)×u′;haute;composée par une fonction affine
c4fafc65-a62f-4d80-8cac-cab5317e8ded;Primitive d'une fonction composée par une fonction affine (2);Fonctions;automatisme;T_SPE;;;primitive;Équations différentielles > y′ = f > forme (v′∘u)×u′;haute;composée par une fonction affine
165bb4a9-2172-463f-b538-7a25ade1c44e;Primitive de fraction rationnelle;Fonctions;automatisme;T_SPE;;;primitive;Équations différentielles > y′ = f > forme (v′∘u)×u′;haute;relance 2026-10-07 : cible confirmée sur l'arbre 2026-10-07.12
c9423269-ce6b-4eae-9dea-d615d211ab54;Primitive de fraction rationnelle;Fonctions;automatisme;T_SPE;;;primitive;Équations différentielles > y′ = f > forme (v′∘u)×u′;haute;relance 2026-10-07 : cible confirmée sur l'arbre 2026-10-07.12
f833ca9f-b197-47a4-8393-7d1e3a03fbe5;Primitive simple;Fonctions;automatisme;T_SPE;;;primitive;Équations différentielles > y′ = f > primitives des fonctions de référence;haute;primitives simples
77ff79af-295a-4073-bf28-83c27d769e16;Programme de calcul et fonction;Fonctions;automatisme;2;;;;Fonctions > Généralités sur les fonctions > images et antécédents | Algèbre > Calcul littéral > développer;haute;relance 2026-10-07 : cible confirmée sur l'arbre 2026-10-07.12
b35c6751-449c-46df-9814-af2693769eda;Protocole de traitement;Fonctions;application;1_SPE;;;exponentielle, valeur approchée, variations;Fonctions > Fonction exponentielle > suites et modélisation | Fonctions > Fonction exponentielle > variations;haute;relance 2026-10-07 : cible confirmée sur l'arbre 2026-10-07.12
48be2e6d-2d3e-4077-8b5d-17ff2e6734e0;Résoudre graphiquement une équation;Fonctions;application;2;;;;Fonctions > Généralités sur les fonctions > résolution graphique;haute;équation graphique
ee84a6bb-3b38-4d72-a90b-8ee3c409c7ae;Résoudre graphiquement une inéquation;Fonctions;application;2;;;;Fonctions > Généralités sur les fonctions > résolution graphique;haute;inéquation graphique
eeea0e05-7dfd-41af-9103-34594367a193;Simplification d'exponentielle;Fonctions;application;1_SPE;;;exponentielle, simplification;Fonctions > Fonction exponentielle > propriétés algébriques;haute;simplifier
d9136ef9-c562-4408-b655-ca8b8d59d34c;Une fonction plus complexe à intégrer;Fonctions;application;T_SPE;;;intégration, intégration par parties;Intégration > Calcul d'intégrales > intégration par parties;haute;IPP
cd204a7a-d0f4-4fd1-acb0-cc60d7e84f9b;Angles associés;Fonctions trigonométriques;automatisme;1_SPE;;;;Fonctions > Fonctions trigonométriques > angles associés;haute;relance 2026-10-07 : sous-notion créée au lot 1re spé (U3g)
273b0e95-4b75-469b-9db3-03c9f828aff8;Approcher π comme Archimède;Fonctions trigonométriques;application;1_SPE;;;;Fonctions > Fonctions trigonométriques > cercle et radians;haute;relance 2026-10-07 : algorithme du BO 1re (trigonométrie)
9458f21f-bd95-4d6b-a028-3810d2f8fc9e;Bilan technique;Fonctions trigonométriques;automatisme;1_SPE;;;;Fonctions > Fonctions trigonométriques > cercle et radians | Fonctions > Fonctions trigonométriques > cosinus et sinus d'un réel;haute;mesure principale
274b9641-de29-4e6f-ba20-569b49c6a2a0;Combien de solutions ?;Fonctions trigonométriques;application;1_SPE;;;;Fonctions > Fonctions trigonométriques > équations;haute;relance 2026-10-07 : cible confirmée sur l'arbre 2026-10-07.12
71403622-f5b2-4111-9a86-7e6977fdfb1c;Démontrer les valeurs remarquables;Fonctions trigonométriques;application;1_SPE;;;;Fonctions > Fonctions trigonométriques > cosinus et sinus d'un réel;haute;valeurs remarquables
a3d18c8c-0d85-42ed-9eff-983b80f7ef7e;Du méridien au mètre;Fonctions trigonométriques;application;1_SPE;;;;Fonctions > Fonctions trigonométriques > cercle et radians;haute;relance 2026-10-07 : cible confirmée sur l'arbre 2026-10-07.12
85c7d783-e851-4036-86bf-2a1bcc8b73d0;Équations cos x = a et sin x = a;Fonctions trigonométriques;automatisme;1_SPE;;;;Fonctions > Fonctions trigonométriques > équations;haute;cos x = a
070c8d78-13e9-49b8-8f8e-ebd99c829870;Équations qui s'y ramènent;Fonctions trigonométriques;automatisme;1_SPE;;;;Fonctions > Fonctions trigonométriques > équations;haute;équations s'y ramenant
34cec984-985b-44bb-b6aa-383becd5043e;Inéquations sur le cercle;Fonctions trigonométriques;automatisme;1_SPE;;;;Fonctions > Fonctions trigonométriques > inéquations;haute;inéquations
6d5319ea-e167-447c-9b89-956bb29abdfa;L'horloge;Fonctions trigonométriques;application;1_SPE;;;;Fonctions > Fonctions trigonométriques > cercle et radians;haute;relance 2026-10-07 : cible confirmée sur l'arbre 2026-10-07.12
d8cd52f6-0bd0-4b2c-b3ee-845ce4eab44f;La grande roue;Fonctions trigonométriques;application;1_SPE;;;;Fonctions > Fonctions trigonométriques > cosinus et sinus d'un réel;haute;relance 2026-10-07 : cible confirmée sur l'arbre 2026-10-07.12
7884f2a1-5aba-46f6-b5b4-b97fbfc96afb;La marée;Fonctions trigonométriques;application;1_SPE;;;;Fonctions > Fonctions trigonométriques;haute;relance 2026-10-07 : cible confirmée sur l'arbre 2026-10-07.12
fdfd6aa4-6faf-4f66-8eea-3af362aacc4e;La tension du secteur;Fonctions trigonométriques;application;1_SPE;;;;Fonctions > Fonctions trigonométriques;haute;relance 2026-10-07 : cible confirmée sur l'arbre 2026-10-07.12
40fe55f7-1e92-4c95-abff-fdaf9d8e70d2;Mesure principale et points du cercle;Fonctions trigonométriques;automatisme;1_SPE;;;;Fonctions > Fonctions trigonométriques > cercle et radians;haute;mesure principale
e4ea47ab-6e11-4f55-b700-af05b72033d1;Parité et périodicité;Fonctions trigonométriques;automatisme;1_SPE;;;;Fonctions > Fonctions trigonométriques > parité et périodicité;haute;parité et périodicité
411a7f5e-6736-47a1-acde-cf23ed73ec36;Radians et degrés;Fonctions trigonométriques;automatisme;1_SPE;;;;Fonctions > Fonctions trigonométriques > cercle et radians;haute;radians et degrés
3712da66-0aab-4379-a15a-511df8a7861d;Relation cos² x + sin² x = 1;Fonctions trigonométriques;automatisme;1_SPE;;;;Fonctions > Fonctions trigonométriques > cosinus et sinus d'un réel;haute;cos²+sin²=1
23a148d6-e92d-477e-8dc4-c62e9f72550e;Simplifier des expressions;Fonctions trigonométriques;automatisme;1_SPE;;;;Fonctions > Fonctions trigonométriques > cosinus et sinus d'un réel;haute;simplifier
02a099dd-ff75-4a75-835b-056cd3565f8f;Valeurs remarquables;Fonctions trigonométriques;automatisme;1_SPE;;;;Fonctions > Fonctions trigonométriques > cosinus et sinus d'un réel;haute;valeurs remarquables
32ceb7f4-bc06-47e7-a38c-0b016630cc35;Vrai ou faux sur la trigonométrie;Fonctions trigonométriques;automatisme;1_SPE;;;;Fonctions > Fonctions trigonométriques;haute;relance 2026-10-07 : cible confirmée sur l'arbre 2026-10-07.12
1d7a1f21-abdb-4b58-9cc3-853f4be50260;Bilan technique;Géométrie;automatisme;1_SPE;;;;Géométrie > Produit scalaire > calculer un produit scalaire;haute;relance 2026-10-07 : cible confirmée sur l'arbre 2026-10-07.12
67743200-00ae-4ade-a7fc-9e2348d6837b;Calcul de produit scalaire;Géométrie;application;1_SPE;;;produit scalaire, vecteurs;Géométrie > Produit scalaire > calculer un produit scalaire;haute;calcul
a723b0ca-0dad-4cc8-b76c-79db6c40ba2f;Calcul de produit scalaire (2);Géométrie;application;1_SPE;;;produit scalaire, vecteurs;Géométrie > Produit scalaire > calculer un produit scalaire;haute;calcul
b52aeceb-bebc-413f-ae9e-f5bcba4916f6;Calcul de produit scalaire (3);Géométrie;application;1_SPE;;;produit scalaire, vecteurs;Géométrie > Produit scalaire > calculer un produit scalaire;haute;calcul
6a0166d4-0e80-483a-b339-0d94d849ba74;Calcul de produit scalaire (4);Géométrie;application;1_SPE;;;produit scalaire, vecteurs;Géométrie > Produit scalaire > calculer un produit scalaire;haute;calcul en coordonnées
c9e4237f-555a-4a86-bec8-000092f3d65c;Démontrer la formule d'Al-Kashi;Géométrie;application;1_SPE;;;;Géométrie > Produit scalaire > angles et longueurs;haute;Al-Kashi
98e57f6c-2d96-43f1-8f85-0f5d7bf0c6f7;Deuxième formule de la Médiane;Géométrie;application;1_SPE;;;lieu, produit scalaire, vecteurs;Géométrie > Produit scalaire > lieux de points | Géométrie > Produit scalaire > propriétés;haute;médiane, lieu
d5cf1ac5-c312-40c2-b54d-fa06e9647413;Distance inaccessible;Géométrie;application;1_SPE;;;;Géométrie > Produit scalaire > angles et longueurs;haute;relance 2026-10-07 : cible confirmée sur l'arbre 2026-10-07.12
1c27e06c-57d0-476e-b64b-f28bcb65fd8e;Ensemble de points MA² − MB² = k;Géométrie;application;1_SPE;;;;Géométrie > Produit scalaire > lieux de points;haute;MA²−MB²=k
46b0f8b8-0eea-49e9-81af-c95968e35324;Ensembles de points;Géométrie;automatisme;1_SPE;;;;Géométrie > Produit scalaire > lieux de points;haute;ensembles de points
e8b0cd06-fad5-46df-b2b3-a5399620dd28;Formule d'Al-Kashi;Géométrie;automatisme;1_SPE;;;;Géométrie > Produit scalaire > angles et longueurs;haute;Al-Kashi
0f965f5f-f2e3-4ea3-9b12-f24a75fc2bc4;Formule de la médiane;Géométrie;automatisme;1_SPE;;;;Géométrie > Produit scalaire > propriétés;haute;relance 2026-10-07 : cible confirmée sur l'arbre 2026-10-07.12
b6710589-9fff-4fc3-a51b-2058c381d658;Identités de polarisation;Géométrie;automatisme;1_SPE;;;;Géométrie > Produit scalaire > propriétés;haute;polarisation
4f2d714a-f765-4ea9-88df-d4a50349fcf0;L'inégalité de Cauchy-Schwarz;Géométrie;application;1_SPE;;;;Géométrie > Produit scalaire > propriétés;haute;relance 2026-10-07 : cible confirmée sur l'arbre 2026-10-07.12
d32464db-2907-431a-85f3-acda2698ebe0;La tyrolienne;Géométrie;application;1_SPE;;;Al-Kashi, trigonométrie;Géométrie > Produit scalaire > angles et longueurs;haute;Al-Kashi en contexte
4bf22934-dc43-4478-acb2-a5723f01a4e5;Le travail d'une force;Géométrie;application;1_SPE;;;;Géométrie > Produit scalaire > calculer un produit scalaire;haute;relance 2026-10-07 : cible confirmée sur l'arbre 2026-10-07.12
2e42480d-afb8-4afd-bda6-77c2bae88d05;Les hauteurs d'un triangle sont concourantes;Géométrie;application;1_SPE;;;;Géométrie > Produit scalaire > propriétés;haute;relance 2026-10-07 : cible confirmée sur l'arbre 2026-10-07.12
6ee58092-608a-4e02-b137-243278d93bbc;Normes et angle;Géométrie;automatisme;1_SPE;;;;Géométrie > Produit scalaire > angles et longueurs;haute;normes et angle
36188a42-cda5-45aa-9c2a-936ce59e5073;Orthogonalité;Géométrie;application;1_SPE;;;coordonnées, otrthogonalité, produit scalaire, vecteurs;Géométrie > Produit scalaire > calculer un produit scalaire;haute;relance 2026-10-07 : le calcul en coordonnées est une méthode de « calculer un produit scalaire » (BO)
14248843-434c-4547-beeb-cb96777615e9;Parallélogramme et losange;Géométrie;application;1_SPE;;;;Géométrie > Produit scalaire > propriétés;haute;relance 2026-10-07 : cible confirmée sur l'arbre 2026-10-07.12
1640f3eb-5866-430a-888c-14249401f55c;Produit scalaire en repère orthonormé;Géométrie;automatisme;1_SPE;;;;Géométrie > Produit scalaire > calculer un produit scalaire;haute;repère orthonormé
e573f8bb-1dbc-44c7-98a7-d772936af7a5;Produit scalaire et projection orthogonale;Géométrie;automatisme;1_SPE;;;;Géométrie > Produit scalaire > calculer un produit scalaire;haute;par projection
96c54dc9-830f-4aa7-90f3-4d58acb18f1d;Projeté orthogonal;Géométrie;application;1_SPE;;;orthogonalité, produit scalaire, projeté orthogonal;Géométrie > Géométrie repérée > projeté orthogonal;haute;projeté sur une droite
996dff6b-91c3-4683-995e-f12758a9e93c;Règles de calcul;Géométrie;automatisme;1_SPE;;;;Géométrie > Produit scalaire > propriétés;haute;règles de calcul
e2f47f06-4ad9-429b-8df3-848ac7680d4d;Théorème de Viviani;Géométrie;synthese;T_SPE;;;équation de droite, orthogonalité, produit scalaire;Géométrie > Produit scalaire | Géométrie > Géométrie repérée > équations de droites;haute;relance 2026-10-07 : cible confirmée sur l'arbre 2026-10-07.12
8547cfc8-d070-4fd1-9d87-7ec23a31ee1a;Triangle rectangle;Géométrie;application;1_SPE;;;orthogonalité, produit scalaire;Géométrie > Produit scalaire > calculer un produit scalaire;haute;relance 2026-10-07 : orthogonalité par produit scalaire
a2ba7269-3eb7-40a8-a76e-16fd73302106;Vecteurs orthogonaux;Géométrie;automatisme;1_SPE;;;;Géométrie > Produit scalaire > calculer un produit scalaire;haute;relance 2026-10-07 : orthogonalité par produit scalaire
6dc565e1-2eba-4431-960a-327d3dcf6b6a;;Géométrie;synthese;1_SPE;;;orthogonalité, produit scalaire;Géométrie > Produit scalaire > calculer un produit scalaire;haute;relance 2026-10-07 : le calcul en coordonnées est une méthode de « calculer un produit scalaire » (BO)
709bf53b-bf41-4352-8323-4f1e73aa92c7;;Géométrie;recherche;1_SPE;;;orthogonalité, produit scalaire;Géométrie > Produit scalaire > calculer un produit scalaire;haute;relance 2026-10-07 : le calcul en coordonnées est une méthode de « calculer un produit scalaire » (BO)
7a85b5de-97a9-4292-aff4-95a00e3aba1d;À égale distance d'un point et d'une droite;Géométrie repérée;application;1_SPE;;;;Géométrie > Géométrie repérée > milieu et distance;haute;relance 2026-10-07 : cible confirmée sur l'arbre 2026-10-07.12
5f884806-9313-4d74-8e1a-91861ccce5f5;Bilan technique;Géométrie repérée;automatisme;1_SPE;;;;Géométrie > Géométrie repérée;haute;relance 2026-10-07 : cible confirmée sur l'arbre 2026-10-07.12
a0fa87dd-0369-4662-833c-b2c612a06557;Cercle défini par un diamètre;Géométrie repérée;automatisme;1_SPE;;;;Géométrie > Géométrie repérée > équation de cercle;haute;cercle de diamètre [AB]
5ad059f8-54e6-41e7-ac57-53a5946f9075;Droites perpendiculaires, droites parallèles;Géométrie repérée;automatisme;1_SPE;;;;Géométrie > Géométrie repérée > équations de droites | Géométrie > Géométrie repérée > vecteur normal et équation de droite;haute;droites parallèles/perpendiculaires
56482b31-f96f-4a93-9765-a714b0c5e437;Équation d'un cercle de centre et de rayon donnés;Géométrie repérée;automatisme;1_SPE;;;;Géométrie > Géométrie repérée > équation de cercle;haute;cercle de centre et rayon donnés
d360f71a-306b-4236-b633-923c12434b64;Équation d'une droite par un point et un vecteur normal;Géométrie repérée;automatisme;1_SPE;;;;Géométrie > Géométrie repérée > vecteur normal et équation de droite;haute;droite par un point et un vecteur normal
4589e9ab-b3b7-4e56-8809-ad10cc5bc4dc;Intersections avec une droite parallèle à un axe;Géométrie repérée;automatisme;1_SPE;;;;Géométrie > Géométrie repérée > équation de cercle;haute;intersections cercle/droite
ddac8ef4-e51d-4f71-9a47-eba33fad11c7;Le cercle circonscrit;Géométrie repérée;application;1_SPE;;;;Géométrie > Géométrie repérée > équation de cercle | Géométrie > Géométrie repérée > vecteur normal et équation de droite;haute;cercle circonscrit
8945969e-e90c-47e5-bb6f-df644efc275c;Le phare et le bateau;Géométrie repérée;application;1_SPE;;;;Géométrie > Géométrie repérée > milieu et distance | Géométrie > Géométrie repérée > équation de cercle;basse;relance 2026-10-07 : À TRANCHER — problème en contexte (phare/bateau), contenu exact à relire
c49ed26f-c764-40e1-bcf4-f8481f1ed461;Le symétrique d'un point et le plus court chemin;Géométrie repérée;application;1_SPE;;;;Géométrie > Géométrie repérée > projeté orthogonal | Géométrie > Géométrie repérée > équations de droites;haute;relance 2026-10-07 : cible confirmée sur l'arbre 2026-10-07.12
119b88a6-c1fb-4d79-9820-cf32df13745c;Les hauteurs d'un triangle;Géométrie repérée;application;1_SPE;;;;Géométrie > Géométrie repérée > vecteur normal et équation de droite;haute;hauteurs d'un triangle
e20d90ce-707c-462d-bfa5-1536e56d3400;Médiatrice d'un segment;Géométrie repérée;automatisme;1_SPE;;;;Géométrie > Géométrie repérée > vecteur normal et équation de droite;haute;médiatrice
42850cf2-5883-48ac-86d9-da94e687eae1;Projeté orthogonal d'un point sur une droite;Géométrie repérée;automatisme;1_SPE;;;;Géométrie > Géométrie repérée > projeté orthogonal;haute;projeté sur une droite
a536d084-229a-41cb-84d6-d228a3c5be06;Reconnaître une équation de cercle;Géométrie repérée;automatisme;1_SPE;;;;Géométrie > Géométrie repérée > équation de cercle;haute;reconnaître une équation de cercle
78a71c6a-e3f9-4f90-bf23-28e893542811;Tangente à un cercle;Géométrie repérée;application;1_SPE;;;;Géométrie > Géométrie repérée > équation de cercle | Géométrie > Géométrie repérée > vecteur normal et équation de droite;haute;tangente à un cercle
39b4ad77-a502-4e05-91b9-6ffbab36f2ff;Un cercle et une parabole;Géométrie repérée;application;1_SPE;;;;Géométrie > Géométrie repérée > équation de cercle | Fonctions > Second degré > parabole;haute;relance 2026-10-07 : cible confirmée sur l'arbre 2026-10-07.12
d626138a-770e-4a45-bbe9-5d29f53594ed;Vecteur normal à une droite;Géométrie repérée;automatisme;1_SPE;;;;Géométrie > Géométrie repérée > vecteur normal et équation de droite;haute;vecteur normal
b62dd4f4-4269-47ee-b324-d080f987c0fa;Zone de couverture d'une antenne;Géométrie repérée;application;1_SPE;;;;Géométrie > Géométrie repérée > équation de cercle;haute;relance 2026-10-07 : cible confirmée sur l'arbre 2026-10-07.12
84b8d581-78d1-4d64-8e09-4384cde13fca;Encadrement à l'aide du calcul intégral;Inégalités;application;T_SPE;;;inégalité, intégration;Intégration > Calcul d'intégrales > positivité et inégalités;haute;relance 2026-10-07 : sous-notion créée au lot Tle spé (V3e)
34adbec7-6c23-4003-a178-cd15ee3bacc5;Résolution d'inéquations avec exponentielle;Inéquations;automatisme;1_SPE;;;exponentielle, inéquations;Fonctions > Fonction exponentielle > équations et inéquations;haute;inéquations avec exp
94ab6221-799a-4099-a5c7-66e4a600ac80;Un encadrement du nombre $e$;Nombres;application;1_SPE;;;algorithme, encadrement, inégalité, valeur approchée;Suites > Limites de suites > définition | Fonctions > Fonction exponentielle;moyenne;relance 2026-10-07 : encadrement par suites (algorithme du BO)
375e30ff-497b-49b8-8ad8-bd1c99e56228;Allée autour d'un jardin;Optimisation;application;1_SPE;;;optimisation, polynômes du second degré;Fonctions > Second degré > variations | Fonctions > Dérivation > optimisation;haute;relance 2026-10-07 : cible confirmée sur l'arbre 2026-10-07.12
0b211ae1-d516-42c1-a43b-e63df77a55d7;Bénéfice d'une entreprise;Optimisation;application;1_SPE;;;polynômes du second degré;Fonctions > Second degré > variations | Fonctions > Dérivation > optimisation;haute;relance 2026-10-07 : cible confirmée sur l'arbre 2026-10-07.12
70636c59-9e46-4c27-998f-e3a1ad60c220;Construction d'une arche;Optimisation;application;1_SPE;;;polynômes du second degré;Fonctions > Second degré > parabole;haute;relance 2026-10-07 : cible confirmée sur l'arbre 2026-10-07.12
761c1f98-f4bc-4d4c-b449-440e74359db7;Distance d'arrêt d'une voiture;Optimisation;application;1_SPE;;;polynômes du second degré;Algèbre > Équations : second degré > mettre en équation | Fonctions > Second degré;haute;relance 2026-10-07 : cible confirmée sur l'arbre 2026-10-07.12
e363da04-d18c-43bb-b7ee-a79dea1bc808;Lancer de javelot;Optimisation;application;1_SPE;;;optimisation, polynômes du second degré;Fonctions > Second degré > variations | Fonctions > Dérivation > optimisation;haute;relance 2026-10-07 : cible confirmée sur l'arbre 2026-10-07.12
b8a52aaf-92ad-4128-b15e-8b03b85910aa;Le plus grand enclos;Optimisation;application;1_SPE;;;inéquations, optimisation, polynômes du second degré;Fonctions > Second degré > variations | Fonctions > Dérivation > optimisation | Algèbre > Inéquations : second degré > mettre en inéquation;haute;relance 2026-10-07 : cible confirmée sur l'arbre 2026-10-07.12
aeb4ce54-1a17-4a95-a293-87336704bea4;Optimisation du coût de fabrication d'une boîte;Optimisation;application;1_SPE;;;aire, dérivée, optimisation, volume;Fonctions > Dérivation > optimisation;haute;boîte de coût minimal (dérivée)
8a732a68-4365-4dfd-bd4f-9ef21a7bc91b;Plongeon;Optimisation;application;1_SPE;;;optimisation, polynômes du second degré;Fonctions > Second degré > variations | Fonctions > Dérivation > optimisation;haute;relance 2026-10-07 : cible confirmée sur l'arbre 2026-10-07.12
14298907-6ac7-447a-baf6-a1199e06aefa;Prix des places de cinéma;Optimisation;application;1_SPE;;;optimisation, polynômes du second degré;Fonctions > Second degré > variations | Fonctions > Dérivation > optimisation;haute;relance 2026-10-07 : cible confirmée sur l'arbre 2026-10-07.12
3230fa25-901a-41c6-816d-a2f5909684bd;Un jet d'eau;Optimisation;application;1_SPE;;;polynômes du second degré;Fonctions > Second degré > variations | Fonctions > Second degré > racines;haute;relance 2026-10-07 : cible confirmée sur l'arbre 2026-10-07.12
b3a78fec-b7aa-4ae6-8084-931812e25602;Un tir au basket;Optimisation;application;1_SPE;;;optimisation, polynômes du second degré;Fonctions > Second degré > variations | Fonctions > Dérivation > optimisation;haute;relance 2026-10-07 : cible confirmée sur l'arbre 2026-10-07.12
2377a0bd-d962-4f14-a064-28e61195158a;Un tir au but;Optimisation;application;1_SPE;;;polynômes du second degré;Fonctions > Second degré > variations | Fonctions > Second degré > racines;haute;relance 2026-10-07 : cible confirmée sur l'arbre 2026-10-07.12
c64b004f-e3d4-49c8-b594-8c27873389bf;Bilan technique;Probabilités;automatisme;1_SPE;;;;Probabilités > Probabilités conditionnelles;haute;relance 2026-10-07 : cible confirmée sur l'arbre 2026-10-07.12
02e3e985-7904-401e-8b36-0291f6a53fe0;Compléter un arbre pondéré;Probabilités;automatisme;1_SPE;;;;Probabilités > Probabilités conditionnelles > arbres pondérés;haute;compléter un arbre
5963af6c-736f-4526-82f9-88f7629a832d;Contrôle qualité;Probabilités;application;1_SPE;;;;Probabilités > Probabilités conditionnelles > problèmes en contexte | Probabilités > Probabilités conditionnelles > arbres pondérés;haute;contrôle qualité
99686c75-cdf2-4d85-949d-29ab86b9eba2;Deux épreuves indépendantes;Probabilités;automatisme;1_SPE;;;;Probabilités > Probabilités conditionnelles > indépendance;haute;deux épreuves indépendantes
582ddfb8-306b-496a-b629-6676d4cc223a;Du tableau à l'arbre et retour;Probabilités;automatisme;1_SPE;;;;Probabilités > Probabilités conditionnelles > tableaux croisés | Probabilités > Probabilités conditionnelles > arbres pondérés;haute;tableau et arbre
1b86fced-ec46-4673-b7f4-1a3ebaa76313;Épreuves de Bernoulli : deux ou trois répétitions;Probabilités;automatisme;1_SPE;;;;Probabilités > Probabilités conditionnelles > épreuves indépendantes successives;haute;relance 2026-10-07 : sous-notion créée au lot 1re spé (U4b)
4b2c0a36-e234-4f2e-9c93-4bb7f570d588;Épreuves de Bernoulli : quatre répétitions;Probabilités;automatisme;1_SPE;;;;Probabilités > Probabilités conditionnelles > épreuves indépendantes successives;haute;relance 2026-10-07 : sous-notion créée au lot 1re spé (U4b)
3ee9e8d7-3e3e-4a0b-9a53-e973669df804;Évènements indépendants;Probabilités;automatisme;1_SPE;;;;Probabilités > Probabilités conditionnelles > indépendance;haute;évènements indépendants
28e33e0d-0cd8-4e4e-bc15-8dbafbd5b860;Formule des probabilités totales;Probabilités;automatisme;1_SPE;;;;Probabilités > Probabilités conditionnelles > arbres pondérés;haute;probabilités totales
7c6ee798-e853-4752-827e-93059306d2cf;Inverser un conditionnement;Probabilités;automatisme;1_SPE;;;;Probabilités > Probabilités conditionnelles > arbres pondérés;haute;inverser un conditionnement
2e80066d-5c61-4539-bfdd-181b20a94ff3;Le jeu du dé et de la pièce;Probabilités;application;1_SPE;;;;Probabilités > Probabilités conditionnelles > indépendance;haute;relance 2026-10-07 : cible confirmée sur l'arbre 2026-10-07.12
ee2dc376-fa80-46de-b76b-4adf1b1c846a;Le trajet domicile-travail;Probabilités;application;1_SPE;;;;Probabilités > Probabilités conditionnelles > problèmes en contexte;haute;trajet domicile-travail
ead78c97-1e7c-4242-abea-4c2a3e5f2ebe;Lire un tableau croisé;Probabilités;automatisme;1_SPE;;;;Probabilités > Probabilités conditionnelles > tableaux croisés;haute;tableau croisé
521d5f07-ebd0-4dbb-aa82-4d55457bad9b;Monte-Carlo : aire sous la parabole et π;Probabilités;application;1_SPE;;;;Statistiques > Échantillonnage > simulation | Intégration > Intégrale et aire > lecture graphique;haute;relance 2026-10-07 : algorithme du BO 1re (Monte-Carlo)
55ff21ec-d279-4836-95d2-92579a124cb8;Sondage et tableau croisé;Probabilités;application;1_SPE;;;;Probabilités > Probabilités conditionnelles > tableaux croisés;haute;sondage
8ecb100a-bf0f-490d-86f8-1b8c6f948c4c;Test de dépistage;Probabilités;application;1_SPE;;;;Probabilités > Probabilités conditionnelles > problèmes en contexte | Probabilités > Probabilités conditionnelles > arbres pondérés;haute;test de dépistage
d4316546-ee2d-4a60-a1c9-fb94de8de938;Tirages avec ou sans remise;Probabilités;application;1_SPE;;;;Probabilités > Probabilités conditionnelles > arbres pondérés | Probabilités > Probabilités conditionnelles > indépendance;haute;relance 2026-10-07 : cible confirmée sur l'arbre 2026-10-07.12
eb567e6b-2868-4334-a2f4-873416ccc2e6;Une marche aléatoire;Probabilités;application;1_SPE;;;;Probabilités > Probabilités conditionnelles > épreuves indépendantes successives | Probabilités > Probabilités conditionnelles > arbres pondérés;moyenne;relance 2026-10-07 : sous-notion créée au lot 1re spé (U4b)
53026bc7-d9af-40da-848c-f0adaf84a6aa;Bilan technique;Second degré;automatisme;1_SPE;;;;Fonctions > Second degré;haute;relance 2026-10-07 : cible confirmée sur l'arbre 2026-10-07.12
2fc02476-8006-4668-8dec-e0def88db7c5;Calculer un discriminant;Second degré;automatisme;1_SPE;;;;Algèbre > Équations : second degré > discriminant;haute;discriminant et nombre de solutions
a6c50f8c-c3c6-444a-88e9-7bdc0fa2a076;Choisir la bonne forme;Second degré;automatisme;1_SPE;;;;Fonctions > Second degré > formes;haute;choisir la bonne forme
8ab20683-a86f-46ee-a3af-b530572520cd;Déterminer la forme canonique;Second degré;automatisme;1_SPE;;;;Fonctions > Second degré > formes;haute;forme canonique
fc86df6e-c5cb-4aca-8b02-732ff4ce5955;Étudier le signe;Second degré;automatisme;1_SPE;;;;Fonctions > Second degré > signe;haute;signe d'un trinôme
cfba77e1-a9f6-40fa-989b-727fcd63a949;Extremum et variations;Second degré;automatisme;1_SPE;;;;Fonctions > Second degré > variations;haute;extremum et variations
13a27a9a-25b2-452c-85fe-0d2e605a3d34;Factoriser un trinôme;Second degré;automatisme;1_SPE;;;;Fonctions > Second degré > formes;haute;factoriser un trinôme
870701ff-2f8b-47fa-9987-711e0e8c4ded;Identifier les coefficients;Second degré;automatisme;1_SPE;;;;Fonctions > Second degré > formes;haute;relance 2026-10-07 : cible confirmée sur l'arbre 2026-10-07.12
ec591bf4-d99a-46c7-871e-7dcea1de6108;Passer d'une forme à une autre;Second degré;automatisme;1_SPE;;;;Fonctions > Second degré > formes;haute;passer d'une forme à l'autre
7b18366a-c627-4b99-98cf-01079685a2de;Résoudre des équations;Second degré;automatisme;1_SPE;;;;Algèbre > Équations : second degré;haute;résoudre des équations
550deff7-e22d-4016-906b-159733132082;Résoudre des inéquations;Second degré;automatisme;1_SPE;;;;Algèbre > Inéquations : second degré > inéquations du second degré;haute;résoudre des inéquations
a10faa1d-74a3-4639-92e1-e632d36ae84a;Retrouver un trinôme;Second degré;automatisme;1_SPE;;;;Fonctions > Second degré > formes | Fonctions > Second degré > racines;haute;relance 2026-10-07 : cible confirmée sur l'arbre 2026-10-07.12
faa2a6f8-877d-446e-9049-8c6af9839f86;Vrai ou faux ?;Second degré;automatisme;1_SPE;;;;Fonctions > Second degré;haute;relance 2026-10-07 : cible confirmée sur l'arbre 2026-10-07.12
d12b9c12-fd57-4c33-899e-9fb1c55c8e08;Balle qui rebondit;Suites;application;1_SPE;;;;Suites > Suites géométriques | Suites > Suites et modélisation;haute;relance 2026-10-07 : cible confirmée sur l'arbre 2026-10-07.12
94e58fa6-00fb-478d-85f1-8fce1a482351;Bilan technique;Suites;automatisme;1_SPE;;;;Suites > Suites arithmétiques;haute;relance 2026-10-07 : cible confirmée sur l'arbre 2026-10-07.12
2c50b0d5-3f8b-4315-8ceb-7f40633ac4ea;Calculer des termes (forme explicite);Suites;automatisme;1_SPE;;;;Suites > Généralités sur les suites > calculer un terme;haute;forme explicite
0879ff83-2b20-4056-9bf6-43b976d83176;Calculer des termes (récurrence);Suites;automatisme;1_SPE;;;;Suites > Généralités sur les suites > calculer un terme | Suites > Généralités sur les suites > explicite ou par récurrence;haute;récurrence
18920f21-5ca1-4c44-a1e1-97fab5e53ffe;Culture de bactéries;Suites;application;1_SPE;;;;Suites > Suites géométriques | Suites > Suites et modélisation > pourcentages;haute;relance 2026-10-07 : cible confirmée sur l'arbre 2026-10-07.12
eba5c843-ee06-44f2-a0aa-f7a567bf84d2;Deux offres d'emploi;Suites;application;1_SPE;;;;Suites > Suites et modélisation | Suites > Suites arithmétiques | Suites > Suites géométriques;haute;relance 2026-10-07 : cible confirmée sur l'arbre 2026-10-07.12
94d2e3a5-25e6-4719-801a-40a1c3e447f1;Épargner pour un voyage;Suites;application;1_SPE;;;;Suites > Suites arithmétiques > somme des termes | Suites > Suites et modélisation;haute;épargne
fbfa1f5b-2b83-43fc-a113-73449968c13a;Étudier le sens de variation;Suites;automatisme;1_SPE;;;;Suites > Généralités sur les suites > sens de variation;haute;signe de u(n+1)-u(n)
8bcfb12e-5a30-4106-9905-b8185bcf9a78;Évolution d'un loyer;Suites;application;1_SPE;;;;Suites > Suites arithmétiques | Suites > Suites et modélisation;haute;relance 2026-10-07 : cible confirmée sur l'arbre 2026-10-07.12
ad62872f-3dbe-4544-a079-12bf94ba171e;Evolution de la population d'une ville;Suites;synthese;1_SPE;;;suite arithméticogéométrique, suites;Suites > Suites et modélisation | Suites > Suites arithmético-géométriques > suite auxiliaire;haute;relance 2026-10-07 : cible confirmée sur l'arbre 2026-10-07.12
cd9e0bc7-6be8-4d12-9659-a681f563e162;Exponentielle d'une suite arithmétique;Suites;application;1_SPE;;;exponentielle, suite arithmétique, suite géométrique, suites;Suites > Suites géométriques > reconnaître | Fonctions > Fonction exponentielle > suites et modélisation;haute;relance 2026-10-07 : cible confirmée sur l'arbre 2026-10-07.12
189e10b2-4d73-44c9-8225-1f9e565ba58d;Figures en allumettes;Suites;application;1_SPE;;;;Suites > Suites arithmétiques > terme général;haute;figures en allumettes
d0023344-0ab4-49fb-97f6-37d7aec7709c;Intérêts composés ou simples;Suites;application;1_SPE;;;;Suites > Suites et modélisation > placements;haute;intérêts composés/simples
dceb1b40-0ae1-441a-9088-8b08bf1bad96;La légende de l'échiquier;Suites;application;1_SPE;;;;Suites > Suites géométriques > somme des termes;haute;échiquier
283f72e1-3647-471c-bf84-fd1eecfa7cd0;Lire un algorithme de seuil;Suites;automatisme;1_SPE;;;;Suites > Suites et modélisation > algorithmes | Suites > Suites et modélisation > seuil;haute;algorithme de seuil
81a14b28-5557-4df8-8ef4-149e4fddc9fc;Médicament dans l'organisme;Suites;application;1_SPE;;;;Suites > Suites et modélisation | Suites > Suites arithmético-géométriques;haute;relance 2026-10-07 : cible confirmée sur l'arbre 2026-10-07.12
fb42dfaf-dc58-423f-b0b1-897b013ef90e;Pyramide de gobelets;Suites;application;1_SPE;;;;Suites > Suites arithmétiques > somme des termes;haute;pyramide de gobelets
d34901a4-31d8-446d-8e4e-95c1b0092eb8;Reconnaître une suite arithmétique ou géométrique;Suites;automatisme;1_SPE;;;;Suites > Suites arithmétiques > reconnaître | Suites > Suites géométriques > reconnaître;haute;reconnaître arith./géo.
97387c7d-f3c4-434c-acbb-a262847dc373;Sommes de termes (suites arithmétiques);Suites;automatisme;1_SPE;;;;Suites > Suites arithmétiques > somme des termes;haute;sommes
7fbaf0ac-a1ad-419d-a772-483b42f366fd;Sommes de termes (suites géométriques);Suites;automatisme;1_SPE;;;;Suites > Suites géométriques > somme des termes;haute;sommes
90488f8c-2bda-43c1-a59a-40c5e04a3f00;Suite définie par une intégrale;Suites;application;T_SPE;;;intégration, suites;Intégration > Calcul d'intégrales > suites d'intégrales | Suites > Limites de suites > comparaison et encadrement;haute;relance 2026-10-07 : sous-notion créée au lot Tle spé (V3f)
b7fb9356-9bf4-4e27-a723-eb5fde39f098;Surface d'une forêt;Suites;application;1_SPE;;;;Suites > Suites et modélisation > pourcentages | Suites > Suites arithmético-géométriques;haute;relance 2026-10-07 : cible confirmée sur l'arbre 2026-10-07.12
6a813e89-610c-4e38-a810-53c2a822c0de;Terme général d'une suite arithmétique;Suites;automatisme;1_SPE;;;;Suites > Suites arithmétiques > terme général;haute;terme général
3ca20a3c-6a99-4850-b27b-37fa5acbcd68;Terme général d'une suite géométrique;Suites;automatisme;1_SPE;;;;Suites > Suites géométriques > terme général;haute;terme général
ef494e04-4fe5-47d0-8a5b-3eba3b0237e2;Utiliser une suite auxiliaire;Suites;automatisme;1_SPE;;;;Suites > Suites arithmético-géométriques > suite auxiliaire | Suites > Suites géométriques;haute;relance 2026-10-07 : cible confirmée sur l'arbre 2026-10-07.12
e61e6773-4f52-46dd-ac2c-6bf22535c65b;Variations des suites arithmétiques et géométriques;Suites;automatisme;1_SPE;;;;Suites > Généralités sur les suites > sens de variation | Suites > Suites arithmétiques | Suites > Suites géométriques;haute;variations arith./géo.
3567a2ec-61a3-4e53-87f1-d903aea209cc;Vrai ou faux ?;Suites;automatisme;1_SPE;;;;Suites > Généralités sur les suites;haute;relance 2026-10-07 : cible confirmée sur l'arbre 2026-10-07.12
3dece6b2-cdf2-4aeb-89e5-f46e5dbbbc59;Bilan technique;Variables aléatoires;automatisme;1_SPE;;;;Probabilités > Variables aléatoires > jeux et gains | Probabilités > Variables aléatoires > espérance;haute;relance 2026-10-07 : cible confirmée sur l'arbre 2026-10-07.12
09d816b4-9b1f-48ed-a769-efbb21c81ecd;Combien de croissants commander ?;Variables aléatoires;application;1_SPE;;;;Probabilités > Variables aléatoires > espérance;haute;relance 2026-10-07 : cible confirmée sur l'arbre 2026-10-07.12
858f0f61-a975-48d5-be6a-fd0cf4e3b514;Contrat d'assurance;Variables aléatoires;application;1_SPE;;;;Probabilités > Variables aléatoires > espérance;haute;assurance
74169a9c-650e-4097-908d-0c15980de296;Déterminer une loi;Variables aléatoires;automatisme;1_SPE;;;;Probabilités > Variables aléatoires > loi d'une variable aléatoire;haute;déterminer une loi
be5c50d3-1aff-45d8-9baa-e1125cca5f28;Échantillons et règle des 2σ/√n;Variables aléatoires;application;1_SPE;;;;Statistiques > Échantillonnage > fluctuation | Statistiques > Échantillonnage > simulation;haute;relance 2026-10-07 : Expérimentations de 1re — pointage acté (U5)
27abc454-e9c4-424d-aab6-f8d75c07d076;Espérance;Variables aléatoires;automatisme;1_SPE;;;;Probabilités > Variables aléatoires > espérance;haute;espérance
3a05ad58-7c11-43b1-aaa6-81ce1887bda3;Fréquence des lettres;Variables aléatoires;application;1_SPE;;;;Probabilités > Variables aléatoires > loi d'une variable aléatoire | Algorithmique > Listes > parcourir une liste;moyenne;relance 2026-10-07 : algorithme du BO 1re (variables aléatoires)
b65616f8-e629-4b0d-a960-88c7e90a5e9f;Jeu équitable;Variables aléatoires;automatisme;1_SPE;;;;Probabilités > Variables aléatoires > jeux et gains;haute;jeu équitable
d08caa8a-abc2-4fa7-ac95-f9b51c08376a;La garantie prolongée;Variables aléatoires;application;1_SPE;;;;Probabilités > Variables aléatoires > espérance | Probabilités > Variables aléatoires > jeux et gains;haute;garantie prolongée
135429d8-41d1-44b5-8bf9-c350e044f032;La meilleure prévision;Variables aléatoires;application;1_SPE;;;;Probabilités > Variables aléatoires > espérance;haute;meilleure prévision
fade62b2-56be-4d2e-a14d-e8ad873199ee;La roue de loterie;Variables aléatoires;application;1_SPE;;;;Probabilités > Variables aléatoires > jeux et gains;haute;roue de loterie
0151950f-3d0b-4d0b-bc0b-30085f27e0f9;Le stand de la fête foraine;Variables aléatoires;application;1_SPE;;;;Probabilités > Variables aléatoires > jeux et gains;haute;stand de fête foraine
0c88d161-2c7d-46d9-935b-ebde6c24e5c6;Linéarité de l'espérance;Variables aléatoires;automatisme;1_SPE;;;;Probabilités > Variables aléatoires > espérance;haute;linéarité de l'espérance
5ea6400e-7534-4d0b-91fc-9bb7853e1fe8;Loi à partir d'un arbre;Variables aléatoires;automatisme;1_SPE;;;;Probabilités > Variables aléatoires > loi d'une variable aléatoire;haute;loi à partir d'un arbre
17f16a8a-2f08-4c11-b8d8-bb2f826eaa15;Même espérance, risques différents;Variables aléatoires;application;1_SPE;;;;Probabilités > Variables aléatoires > variance et écart-type;haute;même espérance, risques différents
970b6831-25bf-483c-8f2f-4e3aa623e628;Notations et vocabulaire;Variables aléatoires;automatisme;1_SPE;;;;Probabilités > Variables aléatoires > loi d'une variable aléatoire;haute;notations
f6546752-0bfd-4902-8dc5-d2cc62ad462d;Python : espérance, variance, écart type;Variables aléatoires;automatisme;1_SPE;;;;Probabilités > Variables aléatoires > variance et écart-type | Probabilités > Variables aléatoires > espérance;haute;Python
2edf0e00-4cb1-4336-9088-9ad89f6f7909;Simuler et estimer une espérance;Variables aléatoires;automatisme;1_SPE;;;;Probabilités > Variables aléatoires > espérance | Statistiques > Échantillonnage > simulation;haute;relance 2026-10-07 : Expérimentations de 1re
67635878-8489-4db1-bdd6-b4590f937d48;Variance et écart type;Variables aléatoires;automatisme;1_SPE;;;;Probabilités > Variables aléatoires > variance et écart-type;haute;variance
93c52644-7dd5-4a34-aacb-df8d2d6bdc95;debug;;automatisme;;;;;;exclu;"relance 2026-10-07 : EXCLU (Q3) — exercice de debug ; sa suppression en prod est une décision à part"
